{
  "project_info": {
    "project_number": "147460703833",
    "firebase_url": "https://kadhytistore-default-rtdb.firebaseio.com",
    "project_id": "kadhytistore",
    "storage_bucket": "kadhytistore.appspot.com"
  },
  "client": [
    {
      "client_info": {
        "mobilesdk_app_id": "1:147460703833:android:2d6ed726b92f3f99455348",
        "android_client_info": {
          "package_name": "com.wissal.kadhytistore"
        }
      },
      "oauth_client": [
        {
          "client_id": "147460703833-rg8bsb5fsn6derj11vr8qoboc3oaedfs.apps.googleusercontent.com",
          "client_type": 3
        }
      ],
      "api_key": [
        {
          "current_key": "AIzaSyAh6k7biresynF8yMcCkU-TDe6lXcJvojk"
        }
      ],
      "services": {
        "appinvite_service": {
          "other_platform_oauth_client": [
            {
              "client_id": "147460703833-rg8bsb5fsn6derj11vr8qoboc3oaedfs.apps.googleusercontent.com",
              "client_type": 3
            }
          ]
        }
      }
    }
  ],
  "configuration_version": "1"
}